{"base_lr": 1.5e-06, "lr": 1.5e-06, "data_time": 0.003685784339904785, "loss": 9.779147911071778, "bboxes_loss": 0.16256240755319595, "itm_loss": 0.6361633241176605, "itm_accuracy": 72.91666412353516, "entis_itm_loss": 0.3798364222049713, "entis_itm_accuracy": 59.375, "itc_loss": 7.091814374923706, "entis_itc_loss": 1.5087714433670043, "time": 2.2159027576446535, "epoch": 1, "iter": 50, "memory": 14412, "step": 50}
{"base_lr": 2.999999999999998e-06, "lr": 2.999999999999998e-06, "data_time": 0.003906059265136719, "loss": 7.613064336776733, "bboxes_loss": 0.15241797417402267, "itm_loss": 0.6153476059436798, "itm_accuracy": 72.91666412353516, "entis_itm_loss": 0.33571584820747374, "entis_itm_accuracy": 55.5555534362793, "itc_loss": 5.210512161254883, "entis_itc_loss": 1.2990707159042358, "time": 2.2846261978149416, "epoch": 1, "iter": 100, "memory": 14411, "step": 100}
{"base_lr": 4.499999999999991e-06, "lr": 4.499999999999991e-06, "data_time": 0.0033300638198852537, "loss": 6.560671281814575, "bboxes_loss": 0.14774491637945175, "itm_loss": 0.6259460628032685, "itm_accuracy": 66.66666412353516, "entis_itm_loss": 0.33624679744243624, "entis_itm_accuracy": 56.25, "itc_loss": 4.25986680984497, "entis_itc_loss": 1.190866732597351, "time": 2.271276569366455, "epoch": 1, "iter": 150, "memory": 14413, "step": 150}
{"base_lr": 5.999999999999985e-06, "lr": 5.999999999999985e-06, "data_time": 0.0037445068359375, "loss": 6.014982509613037, "bboxes_loss": 0.15451206266880035, "itm_loss": 0.6292256414890289, "itm_accuracy": 66.66666412353516, "entis_itm_loss": 0.3454107940196991, "entis_itm_accuracy": 58.33333206176758, "itc_loss": 3.717523455619812, "entis_itc_loss": 1.1683104813098908, "time": 2.3989871025085447, "epoch": 1, "iter": 200, "memory": 14413, "step": 200}
