{"i2t/retrieval/Recall@1": 21.62162162162162, "i2t/retrieval/Recall@5": 40.2027027027027, "i2t/retrieval/Recall@10": 56.75675675675676, "data_time": 0.5368571758270264, "time": 0.9381134510040283}