{"t2i/retrieval/Recall@1": 18.445945945945947, "t2i/retrieval/Recall@5": 44.5945945945946, "t2i/retrieval/Recall@10": 59.66216216216216, "data_time": 0.7742730617523194, "time": 1.1770993709564208}