{"i2t/retrieval/Recall@1": 20.945945945945947, "i2t/retrieval/Recall@5": 38.851351351351354, "i2t/retrieval/Recall@10": 54.054054054054056, "data_time": 0.541670846939087, "time": 0.9433215618133545}