{"i2t/retrieval/Recall@1": 28.672633715031164, "i2t/retrieval/Recall@5": 57.142339469488334, "i2t/retrieval/Recall@10": 69.71662559791274, "data_time": 0.062114603411695495, "time": 0.533496420739838}