{"i2t/retrieval/Recall@1": 21.62162162162162, "i2t/retrieval/Recall@5": 40.2027027027027, "i2t/retrieval/Recall@10": 56.75675675675676, "data_time": 0.7777624607086182, "time": 1.1810408592224122}