{"i2t/retrieval/Recall@1": 17.22972972972973, "i2t/retrieval/Recall@5": 35.13513513513514, "i2t/retrieval/Recall@10": 48.986486486486484, "data_time": 0.5330740928649902, "time": 0.901158332824707}