{"i2t/retrieval/Recall@1": 20.945945945945947, "i2t/retrieval/Recall@5": 38.851351351351354, "i2t/retrieval/Recall@10": 54.054054054054056, "data_time": 0.7743213653564454, "time": 1.1758642673492432}