{"t2i/retrieval/Recall@1": 18.513513513513512, "t2i/retrieval/Recall@5": 44.86486486486486, "t2i/retrieval/Recall@10": 60.067567567567565, "data_time": 0.5365275382995606, "time": 0.9384983062744141}